idCarpeta,Delito,Categoria,Sexo,Edad,TipoPersona,CalidadJuridica,competencia,Año_hecho,Mes_hecho,AlcaldiaHechos,ColoniaHechos,Calle_hechos,Calle_hechos2,latitud,longitud,Hora_Hechos_24,Tipo_de_delito,Años_sentencia ,Escala_clasificacion,Casos
8380337,ROBO A NEGOCIO CON VIOLENCIA,ROBO A NEGOCIO CON VIOLENCIA,,,MORAL,VICTIMA,FUERO COMUN,2019,Febrero,Miguel Hidalgo,SAN JUANICO,LAGO CHIEM,LAGO WAM,19.45108,-99.19053,9,ROBO A NEGOCIO CON VIOLENCIA,3,1,1
8614499,ROBO A TRANSEUNTE EN VIA PUBLICA CON VIOLENCIA,ROBO A TRANSEUNTE EN VÍA PÚBLICA CON Y SIN VIOLENCIA,,,MORAL,OFENDIDO,FUERO COMUN,2020,Enero,Venustiano Carranza,JANITZIO,TALABARTEROS,IMPRENTA,19.449379188774106,-99.1179069102171,11,ROBO A TRANSEUNTE EN VIA PUBLICA CON VIOLENCIA,3,1,1
8572750,ROBO DE OBJETOS,DELITO DE BAJO IMPACTO,,,MORAL,AGRAVIADO,FUERO COMUN,2019,Octubre,Venustiano Carranza,UNIDAD KENNEDY,AVENIDA FRANCISCO DEL PASO Y TRONCOSO,,19.41676,-99.11212,12,ROBO DE OBJETOS,3,1,1
8565819,ROBO A TRANSEUNTE EN VIA PUBLICA CON VIOLENCIA,ROBO A TRANSEUNTE EN VÍA PÚBLICA CON Y SIN VIOLENCIA,Masculino,18.0,FISICA,VICTIMA Y DENUNCIANTE,FUERO COMUN,2019,Noviembre,Xochimilco,BARRIO SANTA CRUCITA,FRANCISCO I. MADERO,AV. 5 DE MAYO,19.26138,-99.10256,19,ROBO A TRANSEUNTE EN VIA PUBLICA CON VIOLENCIA,3,1,1
8364576,ROBO A TRANSEUNTE EN VIA PUBLICA CON VIOLENCIA,ROBO A TRANSEUNTE EN VÍA PÚBLICA CON Y SIN VIOLENCIA,Femenino,0.0,FISICA,VICTIMA Y DENUNCIANTE,FUERO COMUN,2019,Febrero,Coyoacán,UNIVERSIDAD NACIONAL AUTÓNOMA DE MÉXICO,INSURGENTES SUR,,19.32496,-99.18867,8,ROBO A TRANSEUNTE EN VIA PUBLICA CON VIOLENCIA,3,1,1
8664227,ROBO A TRANSEUNTE EN VIA PUBLICA CON VIOLENCIA,ROBO A TRANSEUNTE EN VÍA PÚBLICA CON Y SIN VIOLENCIA,,,MORAL,OFENDIDO,FUERO COMUN,2020,Marzo,Iztapalapa,LOS ÁNGELES,NUBE,,19.344358828329998,-99.06782477472107,21,ROBO A TRANSEUNTE EN VIA PUBLICA CON VIOLENCIA,3,1,1
8606927,ROBO DE OBJETOS,DELITO DE BAJO IMPACTO,Masculino,28.0,FISICA,VICTIMA Y DENUNCIANTE,FUERO COMUN,2020,Enero,Tlalpan,RESIDENCIAL VILLA COAPA SUPER MANZANA 1,AVENIDA PERIFERICO SUR,,19.289352319162603,-99.11632220164292,9,ROBO DE OBJETOS,3,1,1
8781444,LESIONES INTENCIONALES POR GOLPES,DELITO DE BAJO IMPACTO,Masculino,58.0,FISICA,LESIONADO,FUERO COMUN,2020,Octubre,Iztapalapa,SAN JUANICO NEXTIPAC,ECONOMISTAS,,19.3746103989386,-99.121001800115,14,LESIONES INTENCIONALES POR GOLPES,2,1,1
8383485,ABUSO SEXUAL,DELITO DE BAJO IMPACTO,Femenino,16.0,FISICA,VICTIMA,FUERO COMUN,2019,Marzo,Álvaro Obregón,,SIN CALLES DE SAP,,,,13,ABUSO SEXUAL,3,1,1
8676533,ABUSO SEXUAL,DELITO DE BAJO IMPACTO,Femenino,1.0,FISICA,VICTIMA,FUERO COMUN,2020,Marzo,Benito Juárez,IZTACCIHUATL,PEDRO DE ALBA,,19.389109802666198,-99.1368538909489,12,ABUSO SEXUAL,3,1,1
8559001,ROBO DE OBJETOS,DELITO DE BAJO IMPACTO,Femenino,15.0,FISICA,VICTIMA,FUERO COMUN,2019,Octubre,Tlalpan,PRADO COAPA 2A SECCIÓN,SAN JUAN DE DIOS,,19.29569,-99.1326,11,ROBO DE OBJETOS,3,1,1
8470299,ROBO A NEGOCIO CON VIOLENCIA,ROBO A NEGOCIO CON VIOLENCIA,,,MORAL,VICTIMA,FUERO COMUN,2019,Julio,Venustiano Carranza,VALLE GÓMEZ,RIO CONSULADO,,19.45821,-99.11795,6,ROBO A NEGOCIO CON VIOLENCIA,3,1,1
8375681,ROBO A NEGOCIO CON VIOLENCIA,ROBO A NEGOCIO CON VIOLENCIA,Masculino,,FISICA,VICTIMA Y DENUNCIANTE,FUERO COMUN,2019,Marzo,Iztapalapa,CENTRAL DE ABASTO,NAVE 1 ANDEN  A,,19.37817,-99.08679,8,ROBO A NEGOCIO CON VIOLENCIA,3,1,1
8422136,ROBO A PASAJERO A BORDO DE METRO SIN VIOLENCIA,ROBO A PASAJERO A BORDO DEL METRO CON Y SIN VIOLENCIA,Masculino,42.0,FISICA,VICTIMA Y DENUNCIANTE,FUERO COMUN,2019,Mayo,Benito Juárez,XOCO,AVENIDA  UNIVERSIDAD,,19.361420000000006,-99.17091,8,ROBO A PASAJERO A BORDO DE METRO SIN VIOLENCIA,3,1,1
8710281,ROBO DE OBJETOS,DELITO DE BAJO IMPACTO,Femenino,38.0,FISICA,VICTIMA Y DENUNCIANTE,FUERO COMUN,2020,Junio,Coyoacán,AJUSCO,ZAPOTECAS,REY HUEMAN,19.319611627300397,-99.16464849793181,18,ROBO DE OBJETOS,3,1,1
8606875,ROBO DE OBJETOS,DELITO DE BAJO IMPACTO,Femenino,28.0,FISICA,VICTIMA Y DENUNCIANTE,FUERO COMUN,2020,Enero,Álvaro Obregón,MERCED GÓMEZ,AV. CENTENARIO,MEJIA DELGADO,19.3664641354674,-99.209084655345,13,ROBO DE OBJETOS,3,1,1
8331422,ROBO A NEGOCIO CON VIOLENCIA,ROBO A NEGOCIO CON VIOLENCIA,Masculino,,FISICA,VICTIMA Y DENUNCIANTE,FUERO COMUN,2018,Diciembre,Álvaro Obregón,TEPOPOTLA,AVENDIA TAMAULIPAS,,19.36127,-99.25115,19,ROBO A NEGOCIO CON VIOLENCIA,3,1,1
8753124,ROBO DE OBJETOS,DELITO DE BAJO IMPACTO,Femenino,,FISICA,VICTIMA Y DENUNCIANTE,FUERO COMUN,2020,Junio,Álvaro Obregón,TIZAPAN,YUCATAN,,19.339891194863,-99.1984768636645,17,ROBO DE OBJETOS,3,1,1
8675450,ABUSO SEXUAL,DELITO DE BAJO IMPACTO,Femenino,2.0,FISICA,VICTIMA,FUERO COMUN,2020,Abril,Milpa Alta,SAN FRANCISCO TECOXPA,BOULEVAR JOSE LOPEZ PORTILLO,,19.2026310216419,-99.0056843098959,14,ABUSO SEXUAL,3,1,1
8700441,ROBO DE OBJETOS,DELITO DE BAJO IMPACTO,,,MORAL,OFENDIDO,FUERO COMUN,2020,Mayo,Cuauhtémoc,DOCTORES,DR. VALENZUELA,,19.4250782917806,-99.1433502037517,1,ROBO DE OBJETOS,3,1,1
8787236,ROBO A NEGOCIO CON VIOLENCIA,ROBO A NEGOCIO CON VIOLENCIA,,,MORAL,OFENDIDO,FUERO COMUN,2020,Octubre,Azcapotzalco,EL JAGÜEY,AV. DE LAS GRANJAS,,19.4865363022796,-99.1735530999416,18,ROBO A NEGOCIO CON VIOLENCIA,3,1,1
8453207,ROBO DE OBJETOS,DELITO DE BAJO IMPACTO,Femenino,50.0,FISICA,VICTIMA Y DENUNCIANTE,FUERO COMUN,2019,Junio,Xochimilco,SANTA CRUZ ACALPIXCA - PUEBLO,CERRADA MIGUEL HIDALGO,APATLACO,19.2477,-99.07567,9,ROBO DE OBJETOS,3,1,1
8627189,ABUSO SEXUAL,DELITO DE BAJO IMPACTO,Femenino,41.0,FISICA,VICTIMA Y DENUNCIANTE,FUERO COMUN,2020,Febrero,Iztacalco,AGRÍCOLA PANTITLAN,GUADALUPE VICTORIA,,19.415526376566802,-99.07158582982531,8,ABUSO SEXUAL,3,1,1
8482931,ROBO A NEGOCIO CON VIOLENCIA,ROBO A NEGOCIO CON VIOLENCIA,Femenino,21.0,FISICA,VICTIMA Y DENUNCIANTE,FUERO COMUN,2019,Julio,Cuauhtémoc,SANTA MARIA LA RIBERA,INSURGENTES NORTE,,19.44834,-99.15295,18,ROBO A NEGOCIO CON VIOLENCIA,3,1,1
8639894,ROBO A TRANSEUNTE EN VIA PUBLICA CON VIOLENCIA,ROBO A TRANSEUNTE EN VÍA PÚBLICA CON Y SIN VIOLENCIA,Masculino,62.0,FISICA,VICTIMA Y DENUNCIANTE,FUERO COMUN,2020,Febrero,Gustavo A. Madero,BARRIO CANDELARIA TICOMÁN,AV. ACUEDUCTO,CALLE MIGUEL BERNARD,19.5186636962895,-99.14288119976472,12,ROBO A TRANSEUNTE EN VIA PUBLICA CON VIOLENCIA,3,1,1
8403192,ROBO DE OBJETOS,DELITO DE BAJO IMPACTO,,,MORAL,OFENDIDO,FUERO COMUN,2019,Abril,Cuauhtémoc,BUENOS AIRES,DR. ROBERTO SOLIS QUIROGA,,19.40606,-99.1457,12,ROBO DE OBJETOS,3,1,1
8346510,ROBO A NEGOCIO CON VIOLENCIA,ROBO A NEGOCIO CON VIOLENCIA,Masculino,,FISICA,VICTIMA Y DENUNCIANTE,FUERO COMUN,2018,Diciembre,Iztapalapa,AMPLIACION ZONA URBANA EJIDAL SANTA MARIA AZTAHUAC,SANTA MARIA AZTAHUACAN,,19.34797,-99.03016,8,ROBO A NEGOCIO CON VIOLENCIA,3,1,1
8477184,ROBO DE OBJETOS,DELITO DE BAJO IMPACTO,,,MORAL,OFENDIDO,FUERO COMUN,2019,Julio,Gustavo A. Madero,NUEVA VALLEJO,EJE CENTRAL LAZARO CARDENAS,Y LA AVENIDA MONTEVIDEO,19.49328,-99.14599,3,ROBO DE OBJETOS,3,1,1
8515993,ROBO A TRANSEUNTE EN VIA PUBLICA CON VIOLENCIA,ROBO A TRANSEUNTE EN VÍA PÚBLICA CON Y SIN VIOLENCIA,Masculino,,FISICA,VICTIMA Y DENUNCIANTE,FUERO COMUN,2019,Septiembre,Gustavo A. Madero,BARRIO CANDELARIA TICOMÁN,PRIMAVERA,,19.52215,-99.13766,11,ROBO A TRANSEUNTE EN VIA PUBLICA CON VIOLENCIA,3,1,1
8727596,ROBO A TRANSEUNTE EN VIA PUBLICA CON VIOLENCIA,ROBO A TRANSEUNTE EN VÍA PÚBLICA CON Y SIN VIOLENCIA,Masculino,,FISICA,VICTIMA Y DENUNCIANTE,FUERO COMUN,2020,Julio,Venustiano Carranza,ROMERO RUBIO,MARRUECOS,,19.4435762966366,-99.0998253998571,15,ROBO A TRANSEUNTE EN VIA PUBLICA CON VIOLENCIA,3,1,1
8393355,ROBO A TRANSEUNTE EN VIA PUBLICA CON VIOLENCIA,ROBO A TRANSEUNTE EN VÍA PÚBLICA CON Y SIN VIOLENCIA,Femenino,71.0,FISICA,VICTIMA Y DENUNCIANTE,FUERO COMUN,2019,Marzo,Iztacalco,NUEVA SANTA ANITA,CUAUHTEMOC ESQUINA PLUTARCO ELIAS CALLES,,19.39782,-99.12754,19,ROBO A TRANSEUNTE EN VIA PUBLICA CON VIOLENCIA,3,1,1
8459847,ROBO DE OBJETOS,DELITO DE BAJO IMPACTO,,,MORAL,OFENDIDO,FUERO COMUN,2019,Junio,Miguel Hidalgo,ANAHUAC,AV. EJERCITO NACIONAL,,19.4367,-99.18004,10,ROBO DE OBJETOS,3,1,1
8627774,ROBO A TRANSEUNTE EN VIA PUBLICA CON VIOLENCIA,ROBO A TRANSEUNTE EN VÍA PÚBLICA CON Y SIN VIOLENCIA,,,,VICTIMA Y DENUNCIANTE,FUERO COMUN,2020,Febrero,Álvaro Obregón,,BLVD. ADOLFO LOPEZ MATEOS,,19.3688218090934,-99.19187575996608,18,ROBO A TRANSEUNTE EN VIA PUBLICA CON VIOLENCIA,3,1,1
8606159,ROBO A TRANSEUNTE EN VIA PUBLICA CON VIOLENCIA,ROBO A TRANSEUNTE EN VÍA PÚBLICA CON Y SIN VIOLENCIA,Femenino,,FISICA,VICTIMA Y DENUNCIANTE,FUERO COMUN,2020,Enero,Azcapotzalco,SAN ANTONIO,CAMPO SABANA,,19.4811361379,-99.2007567315369,13,ROBO A TRANSEUNTE EN VIA PUBLICA CON VIOLENCIA,3,1,1
8702528,ROBO A TRANSEUNTE EN VIA PUBLICA CON VIOLENCIA,ROBO A TRANSEUNTE EN VÍA PÚBLICA CON Y SIN VIOLENCIA,Femenino,,FISICA,VICTIMA Y DENUNCIANTE,FUERO COMUN,2020,Junio,Benito Juárez,ÁLAMOS,ALFONSO,,19.400671088546694,-99.14366293981199,7,ROBO A TRANSEUNTE EN VIA PUBLICA CON VIOLENCIA,3,1,1
8701856,ROBO A NEGOCIO CON VIOLENCIA POR FARDEROS (TIENDAS DE CONVENIENCIA),ROBO A NEGOCIO CON VIOLENCIA,,,MORAL,OFENDIDO,FUERO COMUN,2020,Junio,Venustiano Carranza,ROMERO RUBIO,PEKIN,,19.4409295016785,-99.0951917997127,15,ROBO A NEGOCIO CON VIOLENCIA POR FARDEROS (TIENDAS DE CONVENIENCIA),3,1,1
8758951,LESIONES CULPOSAS POR TRANSITO VEHICULAR EN COLISION,DELITO DE BAJO IMPACTO,Masculino,31.0,FISICA,LESIONADO,FUERO COMUN,2020,Septiembre,Benito Juárez,,NOTIFICACION DEL HOSPITAL GENERAL DE XOCO,,,,21,LESIONES CULPOSAS POR TRANSITO VEHICULAR EN COLISION,2,1,1
8410343,ROBO DE OBJETOS,DELITO DE BAJO IMPACTO,Femenino,53.0,FISICA,OFENDIDO,FUERO COMUN,2019,Abril,Azcapotzalco,TEZOZOMOC,PIMAS,,19.48809,-99.19674,10,ROBO DE OBJETOS,3,1,1
8481453,ROBO A TRANSEUNTE EN VIA PUBLICA CON VIOLENCIA,ROBO A TRANSEUNTE EN VÍA PÚBLICA CON Y SIN VIOLENCIA,Masculino,,FISICA,VICTIMA Y DENUNCIANTE,FUERO COMUN,2019,Junio,Álvaro Obregón,TLAPECHICO,AVENIDA CILANTRO,,19.37676,-99.24479,17,ROBO A TRANSEUNTE EN VIA PUBLICA CON VIOLENCIA,3,1,1
8429036,LESIONES INTENCIONALES POR GOLPES,DELITO DE BAJO IMPACTO,Masculino,56.0,FISICA,VICTIMA Y DENUNCIANTE,FUERO COMUN,2019,Mayo,Cuauhtémoc,OBRERA,ROA BARCENAS,,19.4116,-99.13896,18,LESIONES INTENCIONALES POR GOLPES,2,1,1
8562505,LESIONES INTENCIONALES POR GOLPES,DELITO DE BAJO IMPACTO,Masculino,68.0,FISICA,VICTIMA Y DENUNCIANTE,FUERO COMUN,2019,Noviembre,Coyoacán,AJUSCO MONTSERRAT,REY NEZAHUALCOYOTL,CHICHIMECAS,19.32488,-99.15475,13,LESIONES INTENCIONALES POR GOLPES,2,1,1
8500498,ROBO A NEGOCIO CON VIOLENCIA,ROBO A NEGOCIO CON VIOLENCIA,,,MORAL,OFENDIDO,FUERO COMUN,2019,Agosto,Iztapalapa,HÉROES DE CHURUBUSCO,ATANASIO G.,,19.36119,-99.11604,14,ROBO A NEGOCIO CON VIOLENCIA,3,1,1
8591573,ROBO DE OBJETOS,DELITO DE BAJO IMPACTO,Femenino,32.0,FISICA,VICTIMA Y DENUNCIANTE,FUERO COMUN,2019,Diciembre,Cuajimalpa de Morelos,LOMAS DE SANTA FE,VASCO DE QUIROGA,,19.36174,-99.27338,12,ROBO DE OBJETOS,3,1,1
8832534,ROBO DE OBJETOS,DELITO DE BAJO IMPACTO,Masculino,39.0,FISICA,VICTIMA Y DENUNCIANTE,FUERO COMUN,2021,Enero,Gustavo A. Madero,AMPLIACIÓN CASAS ALEMÁN,PUERTO TAMPICO,PUERTO MARQUEZ,19.4765356634137,-99.083780500287,16,ROBO DE OBJETOS,3,1,1
8487383,LESIONES CULPOSAS POR TRANSITO VEHICULAR EN COLISION,DELITO DE BAJO IMPACTO,Masculino,22.0,FISICA,LESIONADO,FUERO COMUN,2019,Julio,Iztapalapa,SANTA CRUZ MEYEHUALCO,INSURGENTES  SANTA CRUZ MEYEHUALCO,VILLA DIEZMA,19.33768,-99.04321,22,LESIONES CULPOSAS POR TRANSITO VEHICULAR EN COLISION,2,1,1
8834595,ROBO A TRANSEUNTE EN VIA PUBLICA SIN VIOLENCIA,ROBO A TRANSEUNTE EN VÍA PÚBLICA CON Y SIN VIOLENCIA,Femenino,36.0,FISICA,VICTIMA Y DENUNCIANTE,FUERO COMUN,2021,Enero,Venustiano Carranza,LORENZO BOTURINI,CUITLAHUAC,,19.4176415187297,-99.12651657976306,12,ROBO A TRANSEUNTE EN VIA PUBLICA SIN VIOLENCIA,3,1,1
8500817,ROBO A NEGOCIO CON VIOLENCIA,ROBO A NEGOCIO CON VIOLENCIA,,,MORAL,OFENDIDO,FUERO COMUN,2019,Agosto,Azcapotzalco,LA PRECIOSA,NUEVA SANTO DOMINGO 96,,19.48668,-99.19186,16,ROBO A NEGOCIO CON VIOLENCIA,3,1,1
8336450,ROBO A NEGOCIO CON VIOLENCIA,ROBO A NEGOCIO CON VIOLENCIA,,,MORAL,VICTIMA,FUERO COMUN,2019,Enero,Iztapalapa,DESARROLLO URBANO QUETZALCOATL,MANUEL CAÑAS,,19.32715,-99.04391,15,ROBO A NEGOCIO CON VIOLENCIA,3,1,1
8839800,ROBO DE OBJETOS,DELITO DE BAJO IMPACTO,,,MORAL,OFENDIDO,FUERO COMUN,2020,Noviembre,Gustavo A. Madero,LOMA LA PALMA,AV. ESTADO DE MEXICO,ESQ. AV. TECNOLOGICO,19.547855359316607,-99.14364293023891,10,ROBO DE OBJETOS,3,1,1
8488164,LESIONES CULPOSAS POR TRANSITO VEHICULAR EN COLISION,DELITO DE BAJO IMPACTO,Masculino,22.0,FISICA,LESIONADO,FUERO COMUN,2019,Agosto,Iztapalapa,LEYES DE REFORMA 3A SECCIÓN,16 DE MARZO DE 1861,,19.3786,-99.06502,15,LESIONES CULPOSAS POR TRANSITO VEHICULAR EN COLISION,2,1,1
8396411,ROBO A PASAJERO A BORDO DE METRO SIN VIOLENCIA,ROBO A PASAJERO A BORDO DEL METRO CON Y SIN VIOLENCIA,Masculino,37.0,FISICA,VICTIMA Y DENUNCIANTE,FUERO COMUN,2019,Abril,Gustavo A. Madero,SANTA ISABEL TOLA,INSURGENTES NORTE,,19.4964,-99.11855,6,ROBO A PASAJERO A BORDO DE METRO SIN VIOLENCIA,3,1,1
8458693,ROBO A TRANSEUNTE EN VIA PUBLICA CON VIOLENCIA,ROBO A TRANSEUNTE EN VÍA PÚBLICA CON Y SIN VIOLENCIA,Masculino,,FISICA,VICTIMA Y DENUNCIANTE,FUERO COMUN,2019,Junio,Cuauhtémoc,CENTRO,LUIS MOYA Y PUGIBET,,19.42978,-99.14569,3,ROBO A TRANSEUNTE EN VIA PUBLICA CON VIOLENCIA,3,1,1
8572771,ROBO DE OBJETOS,DELITO DE BAJO IMPACTO,Masculino,26.0,FISICA,VICTIMA Y DENUNCIANTE,FUERO COMUN,2019,Noviembre,Cuauhtémoc,NONOALCO TLATELOLCO,RICARDO FLORES MAGON,ALMACENES,19.449720000000006,-99.13759,17,ROBO DE OBJETOS,3,1,1
8842746,ROBO DE OBJETOS,DELITO DE BAJO IMPACTO,Femenino,,FISICA,VICTIMA Y DENUNCIANTE,FUERO COMUN,2021,Enero,Gustavo A. Madero,VILLA DE ARAGÓN,ORIENTE 185 (NO APARECE),,19.4684826466876,-99.05983396032292,16,ROBO DE OBJETOS,3,1,1
8698407,ROBO A TRANSEUNTE EN VIA PUBLICA CON VIOLENCIA,ROBO A TRANSEUNTE EN VÍA PÚBLICA CON Y SIN VIOLENCIA,Masculino,36.0,FISICA,VICTIMA Y DENUNCIANTE,FUERO COMUN,2020,Junio,Venustiano Carranza,EMILIO CARRANZA,CENTRAL DE TALABARTEROS,Y ALFARERIA,19.451138562687603,-99.12353225406059,12,ROBO A TRANSEUNTE EN VIA PUBLICA CON VIOLENCIA,3,1,1
8519112,LESIONES INTENCIONALES POR GOLPES,DELITO DE BAJO IMPACTO,Masculino,33.0,FISICA,LESIONADO,FUERO COMUN,2019,Septiembre,Benito Juárez,SANTA MARIA NONOALCO,AV. REVOLUCION,SAN ANTONIO,19.3845,-99.18663,23,LESIONES INTENCIONALES POR GOLPES,2,1,1
8474081,LESIONES INTENCIONALES POR GOLPES,DELITO DE BAJO IMPACTO,Masculino,21.0,FISICA,LESIONADO,FUERO COMUN,2019,Julio,Cuauhtémoc,ROMA NORTE,YUCATAN,AV. ALVARO OBREGON,19.41675,-99.16723,5,LESIONES INTENCIONALES POR GOLPES,2,1,1
8621613,ROBO A TRANSEUNTE EN VIA PUBLICA SIN VIOLENCIA,ROBO A TRANSEUNTE EN VÍA PÚBLICA CON Y SIN VIOLENCIA,Femenino,52.0,FISICA,VICTIMA Y DENUNCIANTE,FUERO COMUN,2020,Enero,Cuauhtémoc,ROMA SUR,TLAXCALA,INSURGENTES,19.407246544538506,-99.16775828954901,12,ROBO A TRANSEUNTE EN VIA PUBLICA SIN VIOLENCIA,3,1,1
8778949,ROBO DE OBJETOS,DELITO DE BAJO IMPACTO,,,MORAL,OFENDIDO,FUERO COMUN,2020,Octubre,Benito Juárez,NARVARTE,AV. CUAUHTEMOC,ANAXAGORAS               PARALELA,19.3816390701296,-99.1584314295483,9,ROBO DE OBJETOS,3,1,1
8586302,ROBO A TRANSEUNTE EN VIA PUBLICA CON VIOLENCIA,ROBO A TRANSEUNTE EN VÍA PÚBLICA CON Y SIN VIOLENCIA,Masculino,,FISICA,VICTIMA Y DENUNCIANTE,FUERO COMUN,2019,Diciembre,Venustiano Carranza,LORENZO BOTURINI,LORENZO BUTURINI,,19.41696,-99.12278,17,ROBO A TRANSEUNTE EN VIA PUBLICA CON VIOLENCIA,3,1,1
8686534,ROBO A TRANSEUNTE EN VIA PUBLICA SIN VIOLENCIA,ROBO A TRANSEUNTE EN VÍA PÚBLICA CON Y SIN VIOLENCIA,Femenino,20.0,FISICA,VICTIMA Y DENUNCIANTE,FUERO COMUN,2020,Mayo,Benito Juárez,SAN SIMÓN TICUMAC,PACUAL ORTIZ RUBIO,,19.374970783048397,-99.14298850487421,20,ROBO A TRANSEUNTE EN VIA PUBLICA SIN VIOLENCIA,3,1,1
8394976,ROBO A TRANSEUNTE EN VIA PUBLICA SIN VIOLENCIA,ROBO A TRANSEUNTE EN VÍA PÚBLICA CON Y SIN VIOLENCIA,Masculino,74.0,FISICA,VICTIMA Y DENUNCIANTE,FUERO COMUN,2019,Abril,Benito Juárez,PORTALES ORIENTE,MALINTZIN,,19.36563,-99.13891,12,ROBO A TRANSEUNTE EN VIA PUBLICA SIN VIOLENCIA,3,1,1
8423080,LESIONES INTENCIONALES POR GOLPES,DELITO DE BAJO IMPACTO,Masculino,,FISICA,VICTIMA Y DENUNCIANTE,FUERO COMUN,2019,Mayo,Tláhuac,SELENE 2A. SECCION,MONTES PIRINEOS,MAR DE LOS HUMORES,19.28538,-99.00872,10,LESIONES INTENCIONALES POR GOLPES,2,1,1
8550708,LESIONES CULPOSAS POR TRANSITO VEHICULAR EN COLISION,DELITO DE BAJO IMPACTO,Femenino,44.0,FISICA,VICTIMA Y DENUNCIANTE,FUERO COMUN,2019,Octubre,Gustavo A. Madero,NUEVA INDUSTRIAL VALLEJO,CALZADA VALLEJO,BOULEVARD ISLA DE GUADALUPE,19.50789,-99.15886,23,LESIONES CULPOSAS POR TRANSITO VEHICULAR EN COLISION,2,1,1
8792510,LESIONES INTENCIONALES POR GOLPES,DELITO DE BAJO IMPACTO,Masculino,24.0,FISICA,VICTIMA Y DENUNCIANTE,FUERO COMUN,2020,Noviembre,Tláhuac,LA ESTACIÓN,COLEGIO MILITAR,AVENIDA SAN RAFAEL ATLIXCO,19.3076311373878,-99.0439577301894,17,LESIONES INTENCIONALES POR GOLPES,2,1,1
8378213,ROBO A NEGOCIO CON VIOLENCIA,ROBO A NEGOCIO CON VIOLENCIA,Masculino,60.0,FISICA,VICTIMA,FUERO COMUN,2019,Marzo,Iztapalapa,SANTIAGO ACAHUALTEPEC,CUAUHTENOC   Y   ALLENDE,ALLENDE,19.35439,-99.00392,7,ROBO A NEGOCIO CON VIOLENCIA,3,1,1
8584193,ROBO DE OBJETOS,DELITO DE BAJO IMPACTO,Femenino,50.0,FISICA,VICTIMA Y DENUNCIANTE,FUERO COMUN,2019,Diciembre,Coyoacán,OLÍMPICA,AV. PERIFERICO SUR,,19.30237,-99.16874,12,ROBO DE OBJETOS,3,1,1
8645830,ROBO A PASAJERO A BORDO DE METRO SIN VIOLENCIA,ROBO A PASAJERO A BORDO DEL METRO CON Y SIN VIOLENCIA,Masculino,31.0,FISICA,VICTIMA Y DENUNCIANTE,FUERO COMUN,2020,Febrero,Venustiano Carranza,ZONA CENTRO,CIRCUNVALACION,,19.425532705459602,-99.12522338282179,14,ROBO A PASAJERO A BORDO DE METRO SIN VIOLENCIA,3,1,1
8504262,ROBO A TRANSEUNTE EN VIA PUBLICA CON VIOLENCIA,ROBO A TRANSEUNTE EN VÍA PÚBLICA CON Y SIN VIOLENCIA,Masculino,75.0,FISICA,VICTIMA,FUERO COMUN,2019,Agosto,Benito Juárez,ÁLAMOS,BOLIVAR,OBRERO MUNDIAL,19.40247,-99.14293,6,ROBO A TRANSEUNTE EN VIA PUBLICA CON VIOLENCIA,3,1,1
8393083,LESIONES INTENCIONALES POR GOLPES,DELITO DE BAJO IMPACTO,Femenino,,FISICA,VICTIMA Y DENUNCIANTE,FUERO COMUN,2019,Marzo,Tlalpan,VALLE ESCONDIDO,LA JOYA SIN NUMERO,,19.28036,-99.14198,24,LESIONES INTENCIONALES POR GOLPES,2,1,1
8678642,ROBO DE OBJETOS,DELITO DE BAJO IMPACTO,Masculino,70.0,FISICA,VICTIMA Y DENUNCIANTE,FUERO COMUN,2020,Abril,Coyoacán,SAN FRANCISCO CULHUACAN,H.ESCUELA NAVAL  MILITAR   180  DEPARATAMENNTO 102 EDIFICIO I,,19.343186415568603,-99.1210744272937,14,ROBO DE OBJETOS,3,1,1
8493764,ROBO A TRANSEUNTE EN VIA PUBLICA CON VIOLENCIA,ROBO A TRANSEUNTE EN VÍA PÚBLICA CON Y SIN VIOLENCIA,Masculino,57.0,FISICA,VICTIMA Y DENUNCIANTE,FUERO COMUN,2019,Agosto,Benito Juárez,NATIVITAS,DON LUIS,,19.37963,-99.13737,13,ROBO A TRANSEUNTE EN VIA PUBLICA CON VIOLENCIA,3,1,1
8760341,LESIONES INTENCIONALES POR GOLPES,DELITO DE BAJO IMPACTO,Masculino,34.0,FISICA,VICTIMA Y DENUNCIANTE,FUERO COMUN,2020,Septiembre,Venustiano Carranza,EMILIO CARRANZA,PELUQUEROS,IMPRENTA,19.4467619763075,-99.11903363773632,16,LESIONES INTENCIONALES POR GOLPES,2,1,1
8399209,ROBO A TRANSEUNTE EN VIA PUBLICA CON VIOLENCIA,ROBO A TRANSEUNTE EN VÍA PÚBLICA CON Y SIN VIOLENCIA,Masculino,24.0,FISICA,VICTIMA Y DENUNCIANTE,FUERO COMUN,2019,Abril,Cuauhtémoc,SAN RAFAEL,CIRCUITO INTERIOR,,19.4404,-99.16728,13,ROBO A TRANSEUNTE EN VIA PUBLICA CON VIOLENCIA,3,1,1
8525748,LESIONES CULPOSAS POR TRANSITO VEHICULAR EN COLISION,DELITO DE BAJO IMPACTO,Femenino,54.0,FISICA,LESIONADO,FUERO COMUN,2019,Septiembre,Benito Juárez,SAN PEDRO DE LOS PINOS,CALLE 10,PERIFERICO SUR,19.38936,-99.18934,4,LESIONES CULPOSAS POR TRANSITO VEHICULAR EN COLISION,2,1,1
8796891,ROBO A TRANSEUNTE EN VIA PUBLICA CON VIOLENCIA,ROBO A TRANSEUNTE EN VÍA PÚBLICA CON Y SIN VIOLENCIA,Femenino,38.0,FISICA,VICTIMA Y DENUNCIANTE,FUERO COMUN,2020,Noviembre,Iztapalapa,SAN JUAN XALPA,BILBAO,PROLONGACION  CEREZO,19.3300219057651,-99.0863940074562,11,ROBO A TRANSEUNTE EN VIA PUBLICA CON VIOLENCIA,3,1,1
8364883,ROBO A TRANSEUNTE EN VIA PUBLICA SIN VIOLENCIA,ROBO A TRANSEUNTE EN VÍA PÚBLICA CON Y SIN VIOLENCIA,Femenino,40.0,FISICA,VICTIMA Y DENUNCIANTE,FUERO COMUN,2019,Febrero,Miguel Hidalgo,MARIANO ESCOBEDO,LAGO BOLSENA,,19.44535,-99.18131,19,ROBO A TRANSEUNTE EN VIA PUBLICA SIN VIOLENCIA,3,1,1
8554861,ROBO A PASAJERO A BORDO DE PESERO COLECTIVO CON VIOLENCIA,ROBO A PASAJERO A BORDO DE MICROBUS CON Y SIN VIOLENCIA,Masculino,44.0,FISICA,VICTIMA Y DENUNCIANTE,FUERO COMUN,2019,Octubre,Gustavo A. Madero,ESTRELLA,FERROCARRIL HIDALGO,TESORO,19.47247,-99.11385,6,ROBO A PASAJERO A BORDO DE PESERO COLECTIVO CON VIOLENCIA,3,1,1
8717870,ABUSO SEXUAL,DELITO DE BAJO IMPACTO,Femenino,20.0,FISICA,VICTIMA Y DENUNCIANTE,FUERO COMUN,2020,Julio,Venustiano Carranza,CUCHILLA PANTITLAN,CALLE 2 412,,19.423183801782397,-99.0664384004738,23,ABUSO SEXUAL,3,1,1
8478553,ROBO A TRANSEUNTE EN VIA PUBLICA CON VIOLENCIA,ROBO A TRANSEUNTE EN VÍA PÚBLICA CON Y SIN VIOLENCIA,Femenino,,FISICA,VICTIMA Y DENUNCIANTE,FUERO COMUN,2019,Julio,Miguel Hidalgo,TACUBAYA,PARQUE LIRA,ITURBIDE,19.4019,-99.18671,18,ROBO A TRANSEUNTE EN VIA PUBLICA CON VIOLENCIA,3,1,1
8728891,ROBO A TRANSEUNTE EN VIA PUBLICA CON VIOLENCIA,ROBO A TRANSEUNTE EN VÍA PÚBLICA CON Y SIN VIOLENCIA,Masculino,46.0,FISICA,VICTIMA Y DENUNCIANTE,FUERO COMUN,2020,Julio,Azcapotzalco,TEZOZOMOC,RAFAEL ALDUCIN,,19.4911891200948,-99.20077573807319,20,ROBO A TRANSEUNTE EN VIA PUBLICA CON VIOLENCIA,3,1,1
8492727,ROBO DE OBJETOS,DELITO DE BAJO IMPACTO,Masculino,38.0,FISICA,VICTIMA Y DENUNCIANTE,FUERO COMUN,2019,Agosto,Venustiano Carranza,LORENZO BOTURINI,CALLEJON DE CUITLAHUAC,,19.41588,-99.12649,8,ROBO DE OBJETOS,3,1,1
8433143,ROBO DE OBJETOS,DELITO DE BAJO IMPACTO,,,MORAL,OFENDIDO,FUERO COMUN,2015,Mayo,Tlalpan,SAN ANDRÉS TOTOLTEPEC,PRIVADA MIRAVALLE,,19.24197,-99.16554,12,ROBO DE OBJETOS,3,1,1
8432384,ROBO A TRANSEUNTE EN VIA PUBLICA SIN VIOLENCIA,ROBO A TRANSEUNTE EN VÍA PÚBLICA CON Y SIN VIOLENCIA,Femenino,41.0,FISICA,VICTIMA Y DENUNCIANTE,FUERO COMUN,2019,Mayo,Iztapalapa,LOMAS DE ZARAGOZA,BENITO JUAREZ,,19.35304,-98.99955,5,ROBO A TRANSEUNTE EN VIA PUBLICA SIN VIOLENCIA,3,1,1
8579834,ROBO DE OBJETOS,DELITO DE BAJO IMPACTO,Masculino,33.0,FISICA,VICTIMA Y DENUNCIANTE,FUERO COMUN,2019,Noviembre,Cuauhtémoc,GUERRERO,SOTO,CAMELIA,19.445970000000006,-99.14342,9,ROBO DE OBJETOS,3,1,1
8380543,ABUSO SEXUAL,DELITO DE BAJO IMPACTO,Femenino,16.0,FISICA,VICTIMA,FUERO COMUN,2019,Marzo,Iztapalapa,PREDIO EL MOLINO,DAMIANA,FINISACHI,19.29154,-99.06931,10,ABUSO SEXUAL,3,1,1
8400695,ROBO A NEGOCIO CON VIOLENCIA,ROBO A NEGOCIO CON VIOLENCIA,,,MORAL,VICTIMA,FUERO COMUN,2019,Abril,Álvaro Obregón,LOS ALPES,CALZ. DE LOS LEONES,,19.35792,-99.19833,14,ROBO A NEGOCIO CON VIOLENCIA,3,1,1
8594409,ROBO A TRANSEUNTE EN VIA PUBLICA CON VIOLENCIA,ROBO A TRANSEUNTE EN VÍA PÚBLICA CON Y SIN VIOLENCIA,Masculino,44.0,FISICA,VICTIMA Y DENUNCIANTE,FUERO COMUN,2019,Diciembre,Azcapotzalco,SAN FRANCISCO XOCOTITLA,CALLE 1,CALLE 26,19.46872,-99.14899,6,ROBO A TRANSEUNTE EN VIA PUBLICA CON VIOLENCIA,3,1,1
8354427,ROBO A NEGOCIO CON VIOLENCIA,ROBO A NEGOCIO CON VIOLENCIA,Masculino,46.0,FISICA,VICTIMA Y DENUNCIANTE,FUERO COMUN,2019,Febrero,Benito Juárez,PORTALES SUR,BELGICA,,19.36389,-99.14594,13,ROBO A NEGOCIO CON VIOLENCIA,3,1,1
8794024,ROBO A TRANSEUNTE EN VIA PUBLICA CON VIOLENCIA,ROBO A TRANSEUNTE EN VÍA PÚBLICA CON Y SIN VIOLENCIA,Masculino,38.0,FISICA,VICTIMA Y DENUNCIANTE,FUERO COMUN,2020,Noviembre,Tláhuac,QUIAHUATLA,FRANCISCO VILLA,,19.2588775383462,-99.00627618357606,21,ROBO A TRANSEUNTE EN VIA PUBLICA CON VIOLENCIA,3,1,1
8645369,ABUSO SEXUAL,DELITO DE BAJO IMPACTO,Femenino,8.0,FISICA,VICTIMA Y DENUNCIANTE,FUERO COMUN,2020,Febrero,Coyoacán,PEDREGAL DE SANTO DOMINGO,ACATEMPA,,19.3230350076002,-99.16626300986731,22,ABUSO SEXUAL,3,1,1
8509548,ROBO A NEGOCIO CON VIOLENCIA,ROBO A NEGOCIO CON VIOLENCIA,,,MORAL,AGRAVIADO,FUERO COMUN,2019,Agosto,Azcapotzalco,SAN MARCOS,CALLE A,,19.48938,-99.18413,17,ROBO A NEGOCIO CON VIOLENCIA,3,1,1
8685734,ROBO DE OBJETOS,DELITO DE BAJO IMPACTO,Femenino,,FISICA,VICTIMA Y DENUNCIANTE,FUERO COMUN,2020,Marzo,Miguel Hidalgo,TACUBAYA,AVENIDA JALISCO,BLVD ADOLFO LOPEZ MATEOS,19.3981652015127,-99.18953660027658,9,ROBO DE OBJETOS,3,1,1
8380993,ROBO A PASAJERO A BORDO DE METRO SIN VIOLENCIA,ROBO A PASAJERO A BORDO DEL METRO CON Y SIN VIOLENCIA,Masculino,26.0,FISICA,VICTIMA Y DENUNCIANTE,FUERO COMUN,2019,Marzo,Coyoacán,CENTRAL DE AUTOBUSES DEL SUR TAXQUEÑA,ESTACION DEL METRO TAXQUEÑA LINEA 2,,19.343870000000006,-99.13922,15,ROBO A PASAJERO A BORDO DE METRO SIN VIOLENCIA,3,1,1
8428621,ROBO A TRANSEUNTE EN VIA PUBLICA CON VIOLENCIA,ROBO A TRANSEUNTE EN VÍA PÚBLICA CON Y SIN VIOLENCIA,Masculino,42.0,FISICA,VICTIMA Y DENUNCIANTE,FUERO COMUN,2019,Mayo,Xochimilco,SAN MARCOS,ZACATECAS,GUADALUPE I. RAMIREZ,19.26505,-99.11161,10,ROBO A TRANSEUNTE EN VIA PUBLICA CON VIOLENCIA,3,1,1
8762431,ROBO DE OBJETOS,DELITO DE BAJO IMPACTO,,,MORAL,OFENDIDO,FUERO COMUN,2020,Septiembre,La Magdalena Contreras,SAN NICOLÁS TOTOLAPAN,BUENA VISTA,RETAMA,19.2962103128805,-99.251955193576,1,ROBO DE OBJETOS,3,1,1
8598694,ROBO DE OBJETOS,DELITO DE BAJO IMPACTO,Femenino,37.0,FISICA,VICTIMA Y DENUNCIANTE,FUERO COMUN,2019,Septiembre,Xochimilco,BARRIO XALTOCAN,AV. 16 DE SEPTIEMBRE,CAPULIN,19.2482,-99.10467,6,ROBO DE OBJETOS,3,1,1
8355576,ROBO A TRANSEUNTE EN VIA PUBLICA CON VIOLENCIA,ROBO A TRANSEUNTE EN VÍA PÚBLICA CON Y SIN VIOLENCIA,Masculino,,FISICA,VICTIMA Y DENUNCIANTE,FUERO COMUN,2019,Febrero,Álvaro Obregón,TLAPECHICO,2 CALLEJON DE TLAPECHICO,,19.37934,-99.24346,8,ROBO A TRANSEUNTE EN VIA PUBLICA CON VIOLENCIA,3,1,1
8671410,ROBO DE OBJETOS,DELITO DE BAJO IMPACTO,Masculino,,FISICA,VICTIMA,FUERO COMUN,2020,Abril,Iztapalapa,REFORMA POLÍTICA,AV. DE LAS TORRES,REFORMA POLITICA,19.341398473968198,-99.03229252902719,17,ROBO DE OBJETOS,3,1,1
8783501,ROBO A TRANSEUNTE EN VIA PUBLICA CON VIOLENCIA,ROBO A TRANSEUNTE EN VÍA PÚBLICA CON Y SIN VIOLENCIA,Masculino,26.0,FISICA,VICTIMA Y DENUNCIANTE,FUERO COMUN,2020,Octubre,Venustiano Carranza,MORELOS,ALFARERIA,ESQUINA  CON PELUQUEROS,19.447421155216894,-99.12396729660169,10,ROBO A TRANSEUNTE EN VIA PUBLICA CON VIOLENCIA,3,1,1
8489395,ROBO A TRANSEUNTE EN VIA PUBLICA CON VIOLENCIA,ROBO A TRANSEUNTE EN VÍA PÚBLICA CON Y SIN VIOLENCIA,Masculino,,FISICA,VICTIMA Y DENUNCIANTE,FUERO COMUN,2019,Agosto,Cuauhtémoc,DOCTORES,DR. JIMENEZ,FEDERICO GOMEZ SANTOS,19.40809,-99.15119,15,ROBO A TRANSEUNTE EN VIA PUBLICA CON VIOLENCIA,3,1,1
8750893,ROBO DE OBJETOS,DELITO DE BAJO IMPACTO,Femenino,30.0,FISICA,VICTIMA Y DENUNCIANTE,FUERO COMUN,2020,Septiembre,Coyoacán,ERMITA CHURUBUSCO,ERMITA IZTAPALAPA,,19.3578601648648,-99.1240056400605,7,ROBO DE OBJETOS,3,1,1
8362900,LESIONES INTENCIONALES POR GOLPES,DELITO DE BAJO IMPACTO,Masculino,21.0,FISICA,VICTIMA Y DENUNCIANTE,FUERO COMUN,2019,Febrero,Cuajimalpa de Morelos,LA NAVIDAD,CINCO DE DICIEMBRE,,19.37444,-99.28676,11,LESIONES INTENCIONALES POR GOLPES,2,1,1
8322520,ROBO A TRANSEUNTE EN VIA PUBLICA CON VIOLENCIA,ROBO A TRANSEUNTE EN VÍA PÚBLICA CON Y SIN VIOLENCIA,Masculino,58.0,FISICA,VICTIMA Y DENUNCIANTE,FUERO COMUN,2019,Enero,Gustavo A. Madero,NUEVA ATZACOALCO,327,314,19.49973,-99.08217,8,ROBO A TRANSEUNTE EN VIA PUBLICA CON VIOLENCIA,3,1,1
8677961,ROBO DE OBJETOS,DELITO DE BAJO IMPACTO,Masculino,,FISICA,VICTIMA Y DENUNCIANTE,FUERO COMUN,2020,Abril,Benito Juárez,,UXMAL,,19.3926703460615,-99.1548064602713,10,ROBO DE OBJETOS,3,1,1
8342107,ROBO A NEGOCIO CON VIOLENCIA,ROBO A NEGOCIO CON VIOLENCIA,Masculino,0.0,FISICA,VICTIMA Y DENUNCIANTE,FUERO COMUN,2018,Diciembre,Iztacalco,SANTIAGO NORTE,CALZADA DE LA VIGA,,19.391820000000006,-99.12555,19,ROBO A NEGOCIO CON VIOLENCIA,3,1,1
8387566,ROBO A PASAJERO A BORDO DE PESERO COLECTIVO CON VIOLENCIA,ROBO A PASAJERO A BORDO DE MICROBUS CON Y SIN VIOLENCIA,Femenino,37.0,FISICA,VICTIMA Y DENUNCIANTE,FUERO COMUN,2019,Marzo,Tláhuac,BARRIO SANTIAGO,TERRAPLEN,EJE 10 (SANTA CATARINA),19.31408,-98.96341,19,ROBO A PASAJERO A BORDO DE PESERO COLECTIVO CON VIOLENCIA,3,1,1
8376224,ROBO A TRANSEUNTE EN VIA PUBLICA CON VIOLENCIA,ROBO A TRANSEUNTE EN VÍA PÚBLICA CON Y SIN VIOLENCIA,Masculino,36.0,FISICA,VICTIMA Y DENUNCIANTE,FUERO COMUN,2019,Marzo,Milpa Alta,SANTA MARTHA (VILLA MILPA ALTA),AGUASCALIENTES ESQUINA,CON BOULEVARD NUEVO LEON,19.19666,-99.02508,10,ROBO A TRANSEUNTE EN VIA PUBLICA CON VIOLENCIA,3,1,1
8625869,ROBO DE OBJETOS,DELITO DE BAJO IMPACTO,Masculino,35.0,FISICA,VICTIMA Y DENUNCIANTE,FUERO COMUN,2020,Febrero,Benito Juárez,NARVARTE,DR. JOSE MARIA VERTIZ,,19.390449983658897,-99.1515162198539,11,ROBO DE OBJETOS,3,1,1
8508012,LESIONES INTENCIONALES POR GOLPES,DELITO DE BAJO IMPACTO,Masculino,62.0,FISICA,VICTIMA,FUERO COMUN,2019,Agosto,Iztapalapa,CHINAMPAC DE JUÁREZ,CALZADA IGNACIO ZARAGOZA NUMERO 1711,,19.38741,-99.04055,16,LESIONES INTENCIONALES POR GOLPES,2,1,1
8410396,ROBO A TRANSEUNTE EN VIA PUBLICA CON VIOLENCIA,ROBO A TRANSEUNTE EN VÍA PÚBLICA CON Y SIN VIOLENCIA,Masculino,27.0,FISICA,VICTIMA Y DENUNCIANTE,FUERO COMUN,2019,Abril,Iztapalapa,MIXCOATL,BENITO  JUAREZ,,19.32569,-99.05112,23,ROBO A TRANSEUNTE EN VIA PUBLICA CON VIOLENCIA,3,1,1
8457891,ROBO A TRANSEUNTE EN VIA PUBLICA CON VIOLENCIA,ROBO A TRANSEUNTE EN VÍA PÚBLICA CON Y SIN VIOLENCIA,Masculino,30.0,FISICA,VICTIMA Y DENUNCIANTE,FUERO COMUN,2019,Junio,Iztapalapa,LA ERA,AVENIDA VERGEL,AV. INSURGENTES,19.33867,-99.05136,7,ROBO A TRANSEUNTE EN VIA PUBLICA CON VIOLENCIA,3,1,1
8418115,ROBO A TRANSEUNTE EN VIA PUBLICA CON VIOLENCIA,ROBO A TRANSEUNTE EN VÍA PÚBLICA CON Y SIN VIOLENCIA,Femenino,35.0,FISICA,VICTIMA Y DENUNCIANTE,FUERO COMUN,2019,Mayo,Iztacalco,AGRÍCOLA PANTITLAN,CALZD. IGNACIO ZARAGOZA,CALLE 2,19.40398,-99.06779,19,ROBO A TRANSEUNTE EN VIA PUBLICA CON VIOLENCIA,3,1,1
8636764,ROBO A TRANSEUNTE EN VIA PUBLICA CON VIOLENCIA,ROBO A TRANSEUNTE EN VÍA PÚBLICA CON Y SIN VIOLENCIA,Masculino,,FISICA,VICTIMA Y DENUNCIANTE,FUERO COMUN,2020,Febrero,Cuauhtémoc,CENTRO,SAN ANTONIO ABAD,CHIMALPOPOCA,19.422283699481106,-99.1336386002256,13,ROBO A TRANSEUNTE EN VIA PUBLICA CON VIOLENCIA,3,1,1
8423695,ROBO A NEGOCIO CON VIOLENCIA,ROBO A NEGOCIO CON VIOLENCIA,Masculino,28.0,FISICA,VICTIMA Y DENUNCIANTE,FUERO COMUN,2019,Mayo,Azcapotzalco,SAN MIGUEL AMANTLA,AVE NIDA SANTA LUCIA,,19.47272,-99.20414,20,ROBO A NEGOCIO CON VIOLENCIA,3,1,1
8515981,ROBO A NEGOCIO CON VIOLENCIA,ROBO A NEGOCIO CON VIOLENCIA,,,MORAL,AGRAVIADO,FUERO COMUN,2019,Septiembre,Tlalpan,BARRIO DEL NIÑO JESÚS,MIGUEL HIDALGO,,19.2879,-99.16276,6,ROBO A NEGOCIO CON VIOLENCIA,3,1,1
8827526,ROBO DE VEHICULO DE SERVICIO PARTICULAR CON VIOLENCIA,ROBO DE VEHÍCULO CON Y SIN VIOLENCIA,Masculino,28.0,FISICA,VICTIMA Y DENUNCIANTE,FUERO COMUN,2020,Diciembre,Tlalpan,HÉROES DE PADIERNA,AKIL,TIZIMIN,19.2891072524388,-99.2222607095578,19,ROBO DE VEHICULO DE SERVICIO PARTICULAR CON VIOLENCIA,5,2,1
8801477,ROBO DE VEHICULO DE SERVICIO PARTICULAR CON VIOLENCIA,ROBO DE VEHÍCULO CON Y SIN VIOLENCIA,Femenino,43.0,FISICA,VICTIMA Y DENUNCIANTE,FUERO COMUN,2020,Noviembre,Xochimilco,SANTA CECILIA TEPETLAPA,HOMBRES ILUSTRES,,19.2153510018625,-99.0965127002106,23,ROBO DE VEHICULO DE SERVICIO PARTICULAR CON VIOLENCIA,5,2,1
8423321,ROBO DE VEHICULO DE SERVICIO PARTICULAR CON VIOLENCIA,ROBO DE VEHÍCULO CON Y SIN VIOLENCIA,Femenino,37.0,FISICA,VICTIMA Y DENUNCIANTE,FUERO COMUN,2019,Mayo,Azcapotzalco,EL ROSARIO,JACARADAS,,19.50747,-99.20358,8,ROBO DE VEHICULO DE SERVICIO PARTICULAR CON VIOLENCIA,5,2,1
8426518,ROBO DE VEHICULO DE SERVICIO PARTICULAR CON VIOLENCIA,ROBO DE VEHÍCULO CON Y SIN VIOLENCIA,,,MORAL,AGRAVIADO,FUERO COMUN,2019,Mayo,Gustavo A. Madero,SAN JUAN DE ARAGÓN III SECCIÓN,AVENIDA 603,,19.45206,-99.07027,22,ROBO DE VEHICULO DE SERVICIO PARTICULAR CON VIOLENCIA,5,2,1
8447322,ROBO DE MOTOCICLETA SIN VIOLENCIA,ROBO DE VEHÍCULO CON Y SIN VIOLENCIA,Masculino,26.0,FISICA,VICTIMA Y DENUNCIANTE,FUERO COMUN,2019,Junio,Benito Juárez,NARVARTE,CONCEPCION BEISTEGUI,UXMAL,19.3873,-99.15567,20,ROBO DE MOTOCICLETA SIN VIOLENCIA,5,2,1
8492931,ROBO DE MOTOCICLETA SIN VIOLENCIA,ROBO DE VEHÍCULO CON Y SIN VIOLENCIA,Masculino,,FISICA,OFENDIDO Y DENUNCIANTE,FUERO COMUN,2019,Agosto,Venustiano Carranza,20 DE NOVIEMBRE,TIPOGRAFIA,AV. CANAL DEL NTE.,19.44862,-99.1096,13,ROBO DE MOTOCICLETA SIN VIOLENCIA,5,2,1
8648431,ABUSO DE AUTORIDAD Y USO ILEGAL DE LA FUERZA PUBLICA,DELITO DE BAJO IMPACTO,Femenino,38.0,MORAL,VICTIMA Y DENUNCIANTE,FUERO COMUN,2020,Febrero,Coyoacán,LOS CIRUELOS,PLAZA COMERCIAL ZAPAMUNDI,CANAL DE MIRAMONTES,19.3216624211665,-99.1317892703015,8,ABUSO DE AUTORIDAD Y USO ILEGAL DE LA FUERZA PUBLICA,4,2,1
8811125,ROBO DE MOTOCICLETA SIN VIOLENCIA,ROBO DE VEHÍCULO CON Y SIN VIOLENCIA,Femenino,41.0,FISICA,VICTIMA Y DENUNCIANTE,FUERO COMUN,2020,Noviembre,Benito Juárez,MODERNA,CALZADA DE TLALPAN,,19.3923590318887,-99.1380715397,11,ROBO DE MOTOCICLETA SIN VIOLENCIA,5,2,1
8650184,ROBO DE VEHICULO DE SERVICIO PARTICULAR SIN VIOLENCIA,ROBO DE VEHÍCULO CON Y SIN VIOLENCIA,Masculino,48.0,MORAL,VICTIMA Y DENUNCIANTE,FUERO COMUN,2020,Marzo,Iztapalapa,LOS REYES CULHUACÁN,5 DE MAYO,ENTRE MORELOS,19.3442088033015,-99.1086073003101,8,ROBO DE VEHICULO DE SERVICIO PARTICULAR SIN VIOLENCIA,5,2,1
8416794,ROBO DE VEHICULO DE SERVICIO PARTICULAR SIN VIOLENCIA,ROBO DE VEHÍCULO CON Y SIN VIOLENCIA,Masculino,39.0,FISICA,OFENDIDO Y DENUNCIANTE,FUERO COMUN,2019,Mayo,Cuauhtémoc,CENTRO,CIRCUNVALACION,,19.42329,-99.12593,1,ROBO DE VEHICULO DE SERVICIO PARTICULAR SIN VIOLENCIA,5,2,1
8698007,ROBO DE VEHICULO DE SERVICIO PARTICULAR SIN VIOLENCIA,ROBO DE VEHÍCULO CON Y SIN VIOLENCIA,Masculino,22.0,FISICA,VICTIMA Y DENUNCIANTE,FUERO COMUN,2020,Mayo,Tlalpan,,CALZADA DE LAS BRUJAS,,,,21,ROBO DE VEHICULO DE SERVICIO PARTICULAR SIN VIOLENCIA,5,2,1
8383769,ROBO DE VEHICULO DE SERVICIO PARTICULAR SIN VIOLENCIA,ROBO DE VEHÍCULO CON Y SIN VIOLENCIA,Masculino,57.0,FISICA,VICTIMA Y DENUNCIANTE,FUERO COMUN,2019,Febrero,Gustavo A. Madero,CAMPESTRE ARAGÓN,PROSPERIDAD A,,19.48618,-99.08156,22,ROBO DE VEHICULO DE SERVICIO PARTICULAR SIN VIOLENCIA,5,2,1
8525635,ABUSO DE AUTORIDAD Y USO ILEGAL DE LA FUERZA PUBLICA,DELITO DE BAJO IMPACTO,Masculino,,FISICA,OFENDIDO Y DENUNCIANTE,FUERO COMUN,2019,Abril,Iztapalapa,,POR PRECISAR,,,,14,ABUSO DE AUTORIDAD Y USO ILEGAL DE LA FUERZA PUBLICA,4,2,1
8599247,ROBO DE VEHICULO DE SERVICIO PARTICULAR SIN VIOLENCIA,ROBO DE VEHÍCULO CON Y SIN VIOLENCIA,Masculino,43.0,FISICA,VICTIMA Y DENUNCIANTE,FUERO COMUN,2019,Diciembre,Tlalpan,GRANJAS COAPA,1RA CDA. DE ALFALFARES,ALFALFARES,19.29262,-99.11607,9,ROBO DE VEHICULO DE SERVICIO PARTICULAR SIN VIOLENCIA,5,2,1
8346700,ROBO DE VEHICULO DE SERVICIO PARTICULAR CON VIOLENCIA,ROBO DE VEHÍCULO CON Y SIN VIOLENCIA,Masculino,,FISICA,VICTIMA Y DENUNCIANTE,FUERO COMUN,2019,Febrero,Venustiano Carranza,VALLE GÓMEZ,TOPIA,CTO. INTERIOR RIO CONSULADO,19.45867,-99.11997,17,ROBO DE VEHICULO DE SERVICIO PARTICULAR CON VIOLENCIA,5,2,1
8442686,ROBO A PASAJERO / CONDUCTOR DE VEHICULO CON VIOLENCIA,DELITO DE BAJO IMPACTO,Masculino,23.0,FISICA,VICTIMA Y DENUNCIANTE,FUERO COMUN,2019,Mayo,Álvaro Obregón,TLAPECHICO,BARDANA,CILANTRO,19.37792,-99.24305,16,ROBO A PASAJERO / CONDUCTOR DE VEHICULO CON VIOLENCIA,5,2,1
8516090,ROBO DE MOTOCICLETA SIN VIOLENCIA,ROBO DE VEHÍCULO CON Y SIN VIOLENCIA,Masculino,28.0,FISICA,VICTIMA Y DENUNCIANTE,FUERO COMUN,2019,Septiembre,Miguel Hidalgo,ANZURES,COPERNICO,,19.43097,-99.17668,18,ROBO DE MOTOCICLETA SIN VIOLENCIA,5,2,1
8751507,ROBO DE VEHICULO DE SERVICIO PARTICULAR SIN VIOLENCIA,ROBO DE VEHÍCULO CON Y SIN VIOLENCIA,Masculino,41.0,FISICA,VICTIMA Y DENUNCIANTE,FUERO COMUN,2020,Septiembre,Azcapotzalco,NUEVA SANTA MARIA,BEGONIAS,AV. DE LOS MAESTROS,19.4630697956317,-99.1652950995437,24,ROBO DE VEHICULO DE SERVICIO PARTICULAR SIN VIOLENCIA,5,2,1
8560464,ROBO A PASAJERO / CONDUCTOR DE VEHICULO CON VIOLENCIA,DELITO DE BAJO IMPACTO,Masculino,38.0,FISICA,VICTIMA Y DENUNCIANTE,FUERO COMUN,2019,Noviembre,Álvaro Obregón,ACUEDUCTO,MINAS DE ARENA,SUR 122,19.39865,-99.20031,7,ROBO A PASAJERO / CONDUCTOR DE VEHICULO CON VIOLENCIA,5,2,1
8689524,ROBO DE VEHICULO DE SERVICIO PARTICULAR SIN VIOLENCIA,ROBO DE VEHÍCULO CON Y SIN VIOLENCIA,Masculino,,FISICA,VICTIMA Y DENUNCIANTE,FUERO COMUN,2019,Septiembre,Álvaro Obregón,JALALPA EL GRANDE 1ER. REACOMODO,ANGEL R. DE CABADA,,19.370292712236303,-99.2391843959607,15,ROBO DE VEHICULO DE SERVICIO PARTICULAR SIN VIOLENCIA,5,2,1
8645112,ABUSO DE AUTORIDAD Y USO ILEGAL DE LA FUERZA PUBLICA,DELITO DE BAJO IMPACTO,Masculino,24.0,FISICA,VICTIMA Y DENUNCIANTE,FUERO COMUN,2020,Febrero,Gustavo A. Madero,GENERAL FELIPE BERRIOZABAL,JUVENTINO ROSAS,MAURICIO GOMEZ,19.5566358960565,-99.13551739992779,20,ABUSO DE AUTORIDAD Y USO ILEGAL DE LA FUERZA PUBLICA,4,2,1
8424835,ROBO A PASAJERO / CONDUCTOR DE VEHICULO CON VIOLENCIA,DELITO DE BAJO IMPACTO,Masculino,36.0,FISICA,VICTIMA Y DENUNCIANTE,FUERO COMUN,2019,Mayo,Álvaro Obregón,Las Aguilas (AOB-3),BAHIA,LLANURAS,19.34975,-99.22109,17,ROBO A PASAJERO / CONDUCTOR DE VEHICULO CON VIOLENCIA,5,2,1
8580637,ABUSO DE AUTORIDAD Y USO ILEGAL DE LA FUERZA PUBLICA,DELITO DE BAJO IMPACTO,Masculino,39.0,FISICA,VICTIMA Y DENUNCIANTE,FUERO COMUN,2019,Diciembre,Cuauhtémoc,ROMA NORTE,MONTERREY,AV. CHAPULTEPEC,19.42289,-99.16558,23,ABUSO DE AUTORIDAD Y USO ILEGAL DE LA FUERZA PUBLICA,4,2,1
8349486,ROBO DE MOTOCICLETA SIN VIOLENCIA,ROBO DE VEHÍCULO CON Y SIN VIOLENCIA,Masculino,40.0,FISICA,OFENDIDO Y DENUNCIANTE,FUERO COMUN,2019,Febrero,Gustavo A. Madero,SAN JOSÉ TICOMÁN,MIGUEL BERNARD,,19.50508,-99.13431,21,ROBO DE MOTOCICLETA SIN VIOLENCIA,5,2,1
8375194,ROBO DE VEHICULO DE SERVICIO PARTICULAR SIN VIOLENCIA,ROBO DE VEHÍCULO CON Y SIN VIOLENCIA,Masculino,52.0,FISICA,VICTIMA Y DENUNCIANTE,FUERO COMUN,2019,Marzo,Iztapalapa,UNIDAD VICENTE GUERRERO,PRIMERA DE FELIPE SANCHEZ,AV. ANTONIO DIAZ SOTO Y GAMA,19.35934,-99.05717,9,ROBO DE VEHICULO DE SERVICIO PARTICULAR SIN VIOLENCIA,5,2,1
8709044,ROBO DE VEHICULO DE SERVICIO PARTICULAR SIN VIOLENCIA,ROBO DE VEHÍCULO CON Y SIN VIOLENCIA,Masculino,29.0,FISICA,VICTIMA Y DENUNCIANTE,FUERO COMUN,2020,Junio,Gustavo A. Madero,LINDAVISTA,PAYTA,OTAVALO,19.4930333411915,-99.1337214102711,15,ROBO DE VEHICULO DE SERVICIO PARTICULAR SIN VIOLENCIA,5,2,1
8821587,ROBO DE VEHICULO DE SERVICIO PARTICULAR SIN VIOLENCIA,ROBO DE VEHÍCULO CON Y SIN VIOLENCIA,Masculino,,FISICA,VICTIMA,FUERO COMUN,2020,Diciembre,Álvaro Obregón,SAN ANGEL,PEDRO LUIS OGAZÓN,AVENIDA REVOLUCION,19.350699144325894,-99.1903182898978,13,ROBO DE VEHICULO DE SERVICIO PARTICULAR SIN VIOLENCIA,5,2,1
8831268,ROBO A PASAJERO / CONDUCTOR DE VEHICULO CON VIOLENCIA,DELITO DE BAJO IMPACTO,Masculino,43.0,FISICA,VICTIMA Y DENUNCIANTE,FUERO COMUN,2021,Enero,Iztapalapa,CENTRAL DE ABASTO,EJE 6 SUR (TRABAJADORES SOCIALES),,19.3669452508945,-99.09302831025629,16,ROBO A PASAJERO / CONDUCTOR DE VEHICULO CON VIOLENCIA,5,2,1
8425815,ROBO A PASAJERO / CONDUCTOR DE VEHICULO CON VIOLENCIA,DELITO DE BAJO IMPACTO,Masculino,60.0,FISICA,VICTIMA Y DENUNCIANTE,FUERO COMUN,2019,Mayo,Gustavo A. Madero,SAN JUAN DE ARAGÓN IV SECCIÓN,AVENIDA  608 (AV. OCEANIA),,19.45213,-99.07771,24,ROBO A PASAJERO / CONDUCTOR DE VEHICULO CON VIOLENCIA,5,2,1
8410990,ROBO DE VEHICULO DE SERVICIO PARTICULAR CON VIOLENCIA,ROBO DE VEHÍCULO CON Y SIN VIOLENCIA,Masculino,35.0,FISICA,VICTIMA Y DENUNCIANTE,FUERO COMUN,2019,Abril,Azcapotzalco,SAN JUAN TLIHUACA,FEDERICO DAVALOS,,19.49363,-99.20177,12,ROBO DE VEHICULO DE SERVICIO PARTICULAR CON VIOLENCIA,5,2,1
8724126,ROBO DE VEHICULO DE SERVICIO PARTICULAR CON VIOLENCIA,ROBO DE VEHÍCULO CON Y SIN VIOLENCIA,Masculino,37.0,FISICA,VICTIMA Y DENUNCIANTE,FUERO COMUN,2020,Julio,Cuauhtémoc,CENTRO,ROLDAN,MISIONEROS,19.426650493506802,-99.126879850368,1,ROBO DE VEHICULO DE SERVICIO PARTICULAR CON VIOLENCIA,5,2,1
8684254,ABUSO DE AUTORIDAD Y USO ILEGAL DE LA FUERZA PUBLICA,DELITO DE BAJO IMPACTO,Masculino,26.0,FISICA,VICTIMA Y DENUNCIANTE,FUERO COMUN,2020,Mayo,Gustavo A. Madero,ARBOLEDAS DE CUAUTEPEC EL ALTO,LAZARO CARDENAS,LAZARO CARDENAS,19.5635324614059,-99.1231287042952,1,ABUSO DE AUTORIDAD Y USO ILEGAL DE LA FUERZA PUBLICA,4,2,1
8640434,ROBO DE MOTOCICLETA CON VIOLENCIA,ROBO DE VEHÍCULO CON Y SIN VIOLENCIA,,,,VICTIMA Y DENUNCIANTE,FUERO COMUN,2020,Febrero,Iztapalapa,PARAJE SAN JUAN,IGNACIO CRUCES,MARCOS NEGRETE,19.3430796985593,-99.07007619970459,22,ROBO DE MOTOCICLETA CON VIOLENCIA,5,2,1
8730317,ROBO DE VEHICULO DE SERVICIO PARTICULAR SIN VIOLENCIA,ROBO DE VEHÍCULO CON Y SIN VIOLENCIA,Femenino,,FISICA,VICTIMA,FUERO COMUN,2020,Julio,Iztapalapa,SANTA BÁRBARA,TERCER  ANILLO DE CIRCUNVALACION,5 DE MAYO,19.3636251988815,-99.10467089973059,12,ROBO DE VEHICULO DE SERVICIO PARTICULAR SIN VIOLENCIA,5,2,1
8704424,ROBO DE VEHICULO DE SERVICIO PARTICULAR SIN VIOLENCIA,ROBO DE VEHÍCULO CON Y SIN VIOLENCIA,Masculino,22.0,FISICA,VICTIMA Y DENUNCIANTE,FUERO COMUN,2020,Junio,Benito Juárez,PORTALES SUR,PRESIDENTES ESQUINA CON RUMANÍA,,19.367393599869,-99.1463493096567,14,ROBO DE VEHICULO DE SERVICIO PARTICULAR SIN VIOLENCIA,5,2,1
8454626,ROBO A PASAJERO / CONDUCTOR DE VEHICULO CON VIOLENCIA,DELITO DE BAJO IMPACTO,Femenino,28.0,FISICA,VICTIMA Y DENUNCIANTE,FUERO COMUN,2019,Junio,Álvaro Obregón,OLIVAR DEL CONDE 1A SECCIÓN,CALLE 12,,19.375020000000006,-99.20804,14,ROBO A PASAJERO / CONDUCTOR DE VEHICULO CON VIOLENCIA,5,2,1
8783883,ROBO A REPARTIDOR Y VEHICULO CON VIOLENCIA,ROBO A REPARTIDOR CON Y SIN VIOLENCIA,,,MORAL,OFENDIDO,FUERO COMUN,2020,Octubre,Coyoacán,PARQUE SAN ANDRÉS,SAN ANDRES,CALZ. DE TLALPAN,19.345252601585397,-99.14482104621729,14,ROBO A REPARTIDOR Y VEHICULO CON VIOLENCIA,5,2,1
8550819,ROBO A PASAJERO / CONDUCTOR DE VEHICULO CON VIOLENCIA,DELITO DE BAJO IMPACTO,Masculino,36.0,FISICA,VICTIMA Y DENUNCIANTE,FUERO COMUN,2019,Octubre,Venustiano Carranza,FELIPE ÁNGELES,PLATINO,,19.45371,-99.11469,12,ROBO A PASAJERO / CONDUCTOR DE VEHICULO CON VIOLENCIA,5,2,1
8845334,ROBO A PASAJERO / CONDUCTOR DE VEHICULO CON VIOLENCIA,DELITO DE BAJO IMPACTO,Masculino,44.0,FISICA,VICTIMA Y DENUNCIANTE,FUERO COMUN,2021,Enero,Álvaro Obregón,AMPLIACIÓN JALALPA,GUSTAVO DIAZ ORDAZ,,19.3769647933218,-99.23296987997401,10,ROBO A PASAJERO / CONDUCTOR DE VEHICULO CON VIOLENCIA,5,2,1
8667324,ROBO A PASAJERO / CONDUCTOR DE VEHICULO CON VIOLENCIA,DELITO DE BAJO IMPACTO,Femenino,67.0,MORAL,VICTIMA Y DENUNCIANTE,FUERO COMUN,2020,Marzo,Tlalpan,GRANJAS COAPA,"FRESALES, 164, COL. GRANJAS COAPA",,19.293707506782106,-99.10577011934092,19,ROBO A PASAJERO / CONDUCTOR DE VEHICULO CON VIOLENCIA,5,2,1
8723341,ABUSO DE AUTORIDAD Y USO ILEGAL DE LA FUERZA PUBLICA,DELITO DE BAJO IMPACTO,Masculino,,FISICA,VICTIMA Y DENUNCIANTE,FUERO COMUN,2020,Julio,Iztapalapa,SANTA MARTHA ACATITLA,PENITENCIARIA SANTA MARTHA ACATITLA,ERMITA,19.3550795036171,-99.01125230024608,24,ABUSO DE AUTORIDAD Y USO ILEGAL DE LA FUERZA PUBLICA,4,2,1
8363704,ROBO DE VEHICULO DE PEDALES,DELITO DE BAJO IMPACTO,Femenino,29.0,FISICA,VICTIMA Y DENUNCIANTE,FUERO COMUN,2019,Febrero,Benito Juárez,DEL VALLE CENTRO,RODRIGUEZ SARO,,19.365170000000006,-99.17329,21,ROBO DE VEHICULO DE PEDALES,5,2,1
8800032,ROBO DE MOTOCICLETA SIN VIOLENCIA,ROBO DE VEHÍCULO CON Y SIN VIOLENCIA,Masculino,32.0,FISICA,VICTIMA Y DENUNCIANTE,FUERO COMUN,2020,Noviembre,Álvaro Obregón,ABRAHAM M. GONZÁLEZ,ROMANOS,,19.3869657455343,-99.2026828578735,16,ROBO DE MOTOCICLETA SIN VIOLENCIA,5,2,1
8744032,ROBO A PASAJERO / CONDUCTOR DE VEHICULO CON VIOLENCIA,DELITO DE BAJO IMPACTO,Femenino,21.0,FISICA,VICTIMA Y DENUNCIANTE,FUERO COMUN,2020,Agosto,Iztapalapa,LOMAS DE LA ESTANCIA,POTRERO,,19.3358194015881,-99.0110942916047,22,ROBO A PASAJERO / CONDUCTOR DE VEHICULO CON VIOLENCIA,5,2,1
8478208,ABUSO DE AUTORIDAD Y USO ILEGAL DE LA FUERZA PUBLICA,DELITO DE BAJO IMPACTO,,,,VICTIMA Y DENUNCIANTE,FUERO COMUN,2019,Julio,Cuauhtémoc,CENTRO,FRANCISCO I MADERO,,19.43386,-99.13895,1,ABUSO DE AUTORIDAD Y USO ILEGAL DE LA FUERZA PUBLICA,4,2,1
8772105,ROBO A PASAJERO / CONDUCTOR DE VEHICULO CON VIOLENCIA,DELITO DE BAJO IMPACTO,Femenino,24.0,FISICA,VICTIMA Y DENUNCIANTE,FUERO COMUN,2020,Octubre,Gustavo A. Madero,ARAGÓN INGUARÁN,CONGRESO DE LA UNION,,19.471082705978397,-99.1089873582835,4,ROBO A PASAJERO / CONDUCTOR DE VEHICULO CON VIOLENCIA,5,2,1
8728151,ABUSO DE AUTORIDAD Y USO ILEGAL DE LA FUERZA PUBLICA,DELITO DE BAJO IMPACTO,Masculino,,FISICA,VICTIMA Y DENUNCIANTE,FUERO COMUN,2020,Julio,Gustavo A. Madero,VILLA GUSTAVO A. MADERO,AV VICENTE VILLADA,ESQUINA CERRADA DE 5 DE FEBRERO,19.4824889728742,-99.1142707702722,23,ABUSO DE AUTORIDAD Y USO ILEGAL DE LA FUERZA PUBLICA,4,2,1
8755267,ROBO A PASAJERO / CONDUCTOR DE VEHICULO CON VIOLENCIA,DELITO DE BAJO IMPACTO,Masculino,31.0,FISICA,VICTIMA Y DENUNCIANTE,FUERO COMUN,2020,Septiembre,Cuauhtémoc,DOCTORES,DR. BALMIS,CUAUHTEMOC,19.415087392622002,-99.15443496567819,16,ROBO A PASAJERO / CONDUCTOR DE VEHICULO CON VIOLENCIA,5,2,1
8555130,ROBO DE VEHICULO DE SERVICIO PARTICULAR SIN VIOLENCIA,ROBO DE VEHÍCULO CON Y SIN VIOLENCIA,Masculino,47.0,FISICA,VICTIMA Y DENUNCIANTE,FUERO COMUN,2019,Octubre,Miguel Hidalgo,16 DE SEPTIEMBRE,PONIENTE 75,,19.40253,-99.20597,15,ROBO DE VEHICULO DE SERVICIO PARTICULAR SIN VIOLENCIA,5,2,1
8524773,ABUSO DE AUTORIDAD Y USO ILEGAL DE LA FUERZA PUBLICA,DELITO DE BAJO IMPACTO,Masculino,,FISICA,VICTIMA Y DENUNCIANTE,FUERO COMUN,2019,Agosto,Cuauhtémoc,TABACALERA,"CALLE PARIS, ESQUINA REFORMA",,19.43226,-99.15688,15,ABUSO DE AUTORIDAD Y USO ILEGAL DE LA FUERZA PUBLICA,4,2,1
8732179,ABUSO DE AUTORIDAD Y USO ILEGAL DE LA FUERZA PUBLICA,DELITO DE BAJO IMPACTO,Masculino,45.0,FISICA,VICTIMA Y DENUNCIANTE,FUERO COMUN,2020,Agosto,Álvaro Obregón,ALFONSO XIII,JACOBO RUIZ DAEL,,19.375231762610603,-99.19788390054173,10,ABUSO DE AUTORIDAD Y USO ILEGAL DE LA FUERZA PUBLICA,4,2,1
8682056,ROBO DE VEHICULO DE SERVICIO PARTICULAR SIN VIOLENCIA,ROBO DE VEHÍCULO CON Y SIN VIOLENCIA,Masculino,,MORAL,VICTIMA Y DENUNCIANTE,FUERO COMUN,2020,Abril,Miguel Hidalgo,SAN MIGUEL CHAPULTEPEC,AVENIDA CHAPULTEPEC,,19.418280081578697,-99.1796509802731,11,ROBO DE VEHICULO DE SERVICIO PARTICULAR SIN VIOLENCIA,5,2,1
8671810,ROBO A PASAJERO / CONDUCTOR DE VEHICULO CON VIOLENCIA,DELITO DE BAJO IMPACTO,Masculino,41.0,FISICA,VICTIMA,FUERO COMUN,2020,Abril,Azcapotzalco,AGUILERA,AVENIDA CUITLÁHUAC,,19.4734301735082,-99.15602698088207,10,ROBO A PASAJERO / CONDUCTOR DE VEHICULO CON VIOLENCIA,5,2,1
8785315,ROBO A PASAJERO / CONDUCTOR DE VEHICULO CON VIOLENCIA,DELITO DE BAJO IMPACTO,Masculino,65.0,FISICA,VICTIMA Y DENUNCIANTE,FUERO COMUN,2020,Octubre,Miguel Hidalgo,ARGENTINA ANTIGUA,CLAZADA MEXICO TACUBA,,19.457505982205397,-99.2033604972971,15,ROBO A PASAJERO / CONDUCTOR DE VEHICULO CON VIOLENCIA,5,2,1
8355253,ROBO DE MOTOCICLETA SIN VIOLENCIA,ROBO DE VEHÍCULO CON Y SIN VIOLENCIA,Masculino,,FISICA,VICTIMA,FUERO COMUN,2019,Febrero,Cuauhtémoc,EX-HIPÓDROMO DE PERALVILLO,ENRIQUE GRANADOS,,19.45649,-99.13523,3,ROBO DE MOTOCICLETA SIN VIOLENCIA,5,2,1
8338217,ROBO A PASAJERO / CONDUCTOR DE VEHICULO CON VIOLENCIA,DELITO DE BAJO IMPACTO,Masculino,22.0,FISICA,VICTIMA Y DENUNCIANTE,FUERO COMUN,2019,Enero,Álvaro Obregón,TLAPECHICO,CILANTRO,,19.37674,-99.2448,10,ROBO A PASAJERO / CONDUCTOR DE VEHICULO CON VIOLENCIA,5,2,1
8526541,ROBO DE VEHICULO DE SERVICIO PARTICULAR CON VIOLENCIA,ROBO DE VEHÍCULO CON Y SIN VIOLENCIA,Masculino,29.0,FISICA,VICTIMA Y DENUNCIANTE,FUERO COMUN,2019,Septiembre,Iztapalapa,UNIDAD VICENTE GUERRERO,SABADINO JAIME,,19.36102,-99.06115,17,ROBO DE VEHICULO DE SERVICIO PARTICULAR CON VIOLENCIA,5,2,1
8353766,ROBO DE VEHICULO DE SERVICIO PARTICULAR SIN VIOLENCIA,ROBO DE VEHÍCULO CON Y SIN VIOLENCIA,Masculino,44.0,FISICA,OFENDIDO Y DENUNCIANTE,FUERO COMUN,2019,Febrero,Venustiano Carranza,FEDERAL,SUPREMA CORTE DE JUSTICIA,HACIENDA,19.41826,-99.08793,15,ROBO DE VEHICULO DE SERVICIO PARTICULAR SIN VIOLENCIA,5,2,1
8654212,ROBO A PASAJERO / CONDUCTOR DE VEHICULO CON VIOLENCIA,DELITO DE BAJO IMPACTO,Femenino,33.0,MORAL,VICTIMA Y DENUNCIANTE,FUERO COMUN,2020,Marzo,Álvaro Obregón,ARTURO MARTÍNEZ,CAMINO A SANTA F,AMINO A SANTA FE,19.3871482991472,-99.2168271003105,17,ROBO A PASAJERO / CONDUCTOR DE VEHICULO CON VIOLENCIA,5,2,1
8519679,ROBO DE VEHICULO DE SERVICIO PARTICULAR CON VIOLENCIA,ROBO DE VEHÍCULO CON Y SIN VIOLENCIA,Masculino,56.0,FISICA,VICTIMA Y DENUNCIANTE,FUERO COMUN,2019,Septiembre,Tlalpan,FLORESTA COYOACÁN,PASTEJE,AMAZCAL,19.30535,-99.13153,15,ROBO DE VEHICULO DE SERVICIO PARTICULAR CON VIOLENCIA,5,2,1
8745886,ROBO DE VEHICULO DE SERVICIO PARTICULAR SIN VIOLENCIA,ROBO DE VEHÍCULO CON Y SIN VIOLENCIA,Masculino,48.0,FISICA,VICTIMA Y DENUNCIANTE,FUERO COMUN,2020,Agosto,Álvaro Obregón,FLORIDA,MARGARITAS,ESQUINA VITO ALESSIO  ROBLES,19.3525656560402,-99.1800944796386,8,ROBO DE VEHICULO DE SERVICIO PARTICULAR SIN VIOLENCIA,5,2,1
8571293,ROBO A PASAJERO / CONDUCTOR DE VEHICULO CON VIOLENCIA,DELITO DE BAJO IMPACTO,Masculino,,FISICA,VICTIMA Y DENUNCIANTE,FUERO COMUN,2019,Noviembre,Álvaro Obregón,BARRIO NORTE,MINAS PLATINO,,19.37923,-99.20796,13,ROBO A PASAJERO / CONDUCTOR DE VEHICULO CON VIOLENCIA,5,2,1
8540703,ROBO A PASAJERO / CONDUCTOR DE VEHICULO CON VIOLENCIA,DELITO DE BAJO IMPACTO,Masculino,29.0,FISICA,VICTIMA Y DENUNCIANTE,FUERO COMUN,2019,Octubre,Iztacalco,EX-EJIDO DE LA MAGDALENA MIXIUHCA,HORTALIZA,CALLEJON HORTALIZA,19.39186,-99.08891,20,ROBO A PASAJERO / CONDUCTOR DE VEHICULO CON VIOLENCIA,5,2,1
8443868,ROBO DE VEHICULO DE SERVICIO PARTICULAR CON VIOLENCIA,ROBO DE VEHÍCULO CON Y SIN VIOLENCIA,Masculino,45.0,FISICA,VICTIMA Y DENUNCIANTE,FUERO COMUN,2019,Junio,Iztapalapa,JACARANDAS,AVENIDA ERMITA IZTAPALAPA,MANUEL ACUÑA,19.34215,-99.05394,22,ROBO DE VEHICULO DE SERVICIO PARTICULAR CON VIOLENCIA,5,2,1
8793284,ROBO DE VEHICULO DE SERVICIO PARTICULAR SIN VIOLENCIA,ROBO DE VEHÍCULO CON Y SIN VIOLENCIA,Masculino,24.0,FISICA,VICTIMA Y DENUNCIANTE,FUERO COMUN,2020,Noviembre,Iztapalapa,LA PLANTA,MARGARITAS,JOSE LUGO GUERRERO,19.295511493686398,-99.0646051673145,24,ROBO DE VEHICULO DE SERVICIO PARTICULAR SIN VIOLENCIA,5,2,1
8428139,ROBO DE MOTOCICLETA SIN VIOLENCIA,ROBO DE VEHÍCULO CON Y SIN VIOLENCIA,Masculino,48.0,FISICA,VICTIMA Y DENUNCIANTE,FUERO COMUN,2019,Mayo,Cuauhtémoc,ROMA NORTE,SINALOA,ENTRE: VALLADOLID Y MEDELLIN,19.4207,-99.16755,18,ROBO DE MOTOCICLETA SIN VIOLENCIA,5,2,1
8676787,ROBO DE VEHICULO DE SERVICIO PARTICULAR SIN VIOLENCIA,ROBO DE VEHÍCULO CON Y SIN VIOLENCIA,Masculino,23.0,FISICA,VICTIMA Y DENUNCIANTE,FUERO COMUN,2020,Abril,Iztacalco,GRANJAS MÉXICO,AÑIL 611. COL. GRANJAS MEXIC,,19.4019332029402,-99.09469480023823,15,ROBO DE VEHICULO DE SERVICIO PARTICULAR SIN VIOLENCIA,5,2,1
8461576,ROBO A PASAJERO / CONDUCTOR DE VEHICULO CON VIOLENCIA,DELITO DE BAJO IMPACTO,Femenino,24.0,FISICA,VICTIMA Y DENUNCIANTE,FUERO COMUN,2019,Junio,Tlalpan,ISIDRO FABELA,PERIFERICO,,19.30233,-99.1719,18,ROBO A PASAJERO / CONDUCTOR DE VEHICULO CON VIOLENCIA,5,2,1
8732222,ROBO DE MOTOCICLETA CON VIOLENCIA,ROBO DE VEHÍCULO CON Y SIN VIOLENCIA,Masculino,54.0,FISICA,VICTIMA Y DENUNCIANTE,FUERO COMUN,2020,Agosto,Iztapalapa,JUAN ESCUTIA,JUAN  MANUEL TORREA,FELIPE DE LA  GARZA,19.3905595990185,-99.03938230005659,20,ROBO DE MOTOCICLETA CON VIOLENCIA,5,2,1
8833254,ROBO DE MOTOCICLETA SIN VIOLENCIA,ROBO DE VEHÍCULO CON Y SIN VIOLENCIA,Masculino,,FISICA,VICTIMA,FUERO COMUN,2021,Enero,Álvaro Obregón,PONCIANO ARRIAGA,AVENIDA CENTENARIO,GABRIEL CARMONA,19.3598200298857,-99.2291783998483,3,ROBO DE MOTOCICLETA SIN VIOLENCIA,5,2,1
8669922,ROBO DE VEHICULO DE SERVICIO PARTICULAR SIN VIOLENCIA,ROBO DE VEHÍCULO CON Y SIN VIOLENCIA,,,MORAL,OFENDIDO,FUERO COMUN,2020,Marzo,Azcapotzalco,SAN RAFAEL,ARAGON,,19.4867408112821,-99.1888126824855,21,ROBO DE VEHICULO DE SERVICIO PARTICULAR SIN VIOLENCIA,5,2,1
8538409,ROBO DE VEHICULO DE SERVICIO PARTICULAR SIN VIOLENCIA,ROBO DE VEHÍCULO CON Y SIN VIOLENCIA,Femenino,,FISICA,VICTIMA,FUERO COMUN,2019,Octubre,Benito Juárez,EXTREMADURA INSURGENTES,LUIS CARRACCI,VIZCAYA,19.37544,-99.17988,18,ROBO DE VEHICULO DE SERVICIO PARTICULAR SIN VIOLENCIA,5,2,1
8830563,ROBO DE VEHICULO DE PEDALES,DELITO DE BAJO IMPACTO,Femenino,60.0,FISICA,VICTIMA Y DENUNCIANTE,FUERO COMUN,2021,Enero,Iztapalapa,AÑO DE JUÁREZ,AV. TLAHUAC,ANILLO PERIFERICO (CANAL DE GARAY),19.3183935060663,-99.0752846003924,14,ROBO DE VEHICULO DE PEDALES,5,2,1
8425198,ROBO A PASAJERO / CONDUCTOR DE VEHICULO CON VIOLENCIA,DELITO DE BAJO IMPACTO,Masculino,56.0,FISICA,VICTIMA Y DENUNCIANTE,FUERO COMUN,2019,Mayo,Álvaro Obregón,OLIVAR DEL CONDE 2A SECCIÓN,CALLE 28,NORTE,19.37283,-99.21903,22,ROBO A PASAJERO / CONDUCTOR DE VEHICULO CON VIOLENCIA,5,2,1
8493346,ROBO DE VEHICULO DE SERVICIO PARTICULAR SIN VIOLENCIA,ROBO DE VEHÍCULO CON Y SIN VIOLENCIA,Masculino,36.0,FISICA,VICTIMA Y DENUNCIANTE,FUERO COMUN,2019,Agosto,Benito Juárez,NAPOLES,LOUISIANA 26,,19.39248,-99.17443,13,ROBO DE VEHICULO DE SERVICIO PARTICULAR SIN VIOLENCIA,5,2,1
8400989,ROBO DE VEHICULO DE SERVICIO PARTICULAR SIN VIOLENCIA,ROBO DE VEHÍCULO CON Y SIN VIOLENCIA,Masculino,,FISICA,VICTIMA,FUERO COMUN,2019,Abril,Gustavo A. Madero,MAGDALENA DE LAS SALINAS,PROL. RIO BAMBA,AV. FORTUNA,19.48336,-99.13107,19,ROBO DE VEHICULO DE SERVICIO PARTICULAR SIN VIOLENCIA,5,2,1
8425229,HOMICIDIO POR GOLPES,HOMICIDIO DOLOSO,Femenino,22.0,FISICA,CADAVER,FUERO COMUN,2019,Mayo,Iztacalco,AGRÍCOLA ORIENTAL,ORIENTE 225,0,19.39928,-99.08132,8,HOMICIDIO POR GOLPES,8,3,1
8800489,TRATA DE PERSONAS,DELITO DE BAJO IMPACTO,Masculino,38.0,FISICA,VICTIMA,FUERO COMUN,2020,Noviembre,Gustavo A. Madero,MAGDALENA DE LAS SALINAS,EJE CENTRAL LAZARO CARDENAS,,19.4791900117223,-99.1402984993965,16,TRATA DE PERSONAS,11,3,1
8530861,HOMICIDIO POR ARMA DE FUEGO,HOMICIDIO DOLOSO,Masculino,73.0,FISICA,LESIONADO,FUERO COMUN,2019,Septiembre,Álvaro Obregón,GARCIMARRERO,TAMAULIPAS,SAUCES,19.36746,-99.23715,14,HOMICIDIO POR ARMA DE FUEGO,8,3,1
8697663,FEMINICIDIO,HOMICIDIO DOLOSO,Femenino,41.0,FISICA,CADAVER,FUERO COMUN,2020,Junio,Gustavo A. Madero,SAN JUAN DE ARAGÓN I SECCIÓN,AVENIDA 513,,19.4590856816311,-99.093594364099,9,FEMINICIDIO,28,4,1
8702433,FEMINICIDIO,HOMICIDIO DOLOSO,Femenino,,FISICA,CADAVER,FUERO COMUN,2020,Junio,Iztapalapa,LOS REYES CULHUACÁN,CERRADA DE ARNESES,,19.3422769096034,-99.11248190991621,14,FEMINICIDIO,28,4,1
8528468,FEMINICIDIO POR DISPARO DE ARMA DE FUEGO,HOMICIDIO DOLOSO,Masculino,30.0,FISICA,LESIONADO,FUERO COMUN,2019,Septiembre,Iztapalapa,ZONA URBANA EJIDAL SANTA MARIA AZTAHUACAN,MIGUEL HIDALGO,ABRAHAM GONZALEZ,19.3601,-99.0361,19,FEMINICIDIO POR DISPARO DE ARMA DE FUEGO,28,4,1
8616477,PLAGIO O SECUESTRO,SECUESTRO,Masculino,22.0,FISICA,VICTIMA,FUERO COMUN,2020,Enero,Tlalpan,HÉROES DE PADIERNA,TEKAX,,19.283005407599106,-99.2260811379529,8,PLAGIO O SECUESTRO,55,5,1
8347418,PLAGIO O SECUESTRO,SECUESTRO,Masculino,24.0,FISICA,VICTIMA Y DENUNCIANTE,FUERO COMUN,2019,Enero,Cuauhtémoc,CENTRO,BOLIVAR,NEZAHUALCOYOTL,19.42552,-99.13956,16,PLAGIO O SECUESTRO,55,5,1
